<?xml version="1.0" encoding="UTF-8"?>
<!DOCTYPE PictureSet SYSTEM "pictureset.dtd">
<PictureSet>
	<title>Pictures from Ireland</title>
	<picture>
		<source location="pictures/cmoher.jpg" width="640" height="480"/>
		<description>Cliffs of Moher</description>
	</picture>
	<picture>
		<source location="pictures/connor_pass.jpg" width="584" height="403"/>
		<description>Connor Pass, Ireland</description>
	</picture>
	<picture>
		<source location="pictures/aran.jpg" width="800" height="600"/>
		<description>Aran</description>
	</picture>
	<picture>
		<source location="pictures/sea.jpg" width="584" height="398"/>
		<thumbnail location="pictures/sea_t.jpg"/>
		<description>Sea coast</description>
	</picture>
	<picture>
		<source location="pictures/stones.jpg" width="600" height="401"/>
		<thumbnail location="pictures/stones_t.jpg"/>
		<description>Stone structure at Newgrange</description>
	</picture>
</PictureSet>
