<?xml version="1.0" encoding="UTF-8"?>
<!DOCTYPE PictureSet SYSTEM "pictureset.dtd">
<PictureSet>
	<title>Pictures from My Holiday</title>
	<picture>
		<source location="pictures/town.jpg" width="750" height="509"/>
		<description>Seaside town</description>
	</picture>
	<picture>
		<source location="pictures/city.jpg" width="375" height="600"/>
		<description>Busy street</description>
	</picture>
	<picture>
		<source location="pictures/port.jpg" width="878" height="544"/>
		<thumbnail location="pictures/port_t.jpg"/>
		<description>Sea port</description>
	</picture>
</PictureSet>
